thread_count,measured_time_s,measured_speedup,measured_efficiency
1,1.909517794,1,1
16,0.229892868,8.306120194,0.519132512
64,0.072113333,26.4794002,0.413740628
128,0.044558911,42.853781,0.334795164